{"cameraMode":{"drawMode":0,"name":"Shaded","section":"Shading Mode"},"sceneLighting":false,"audioPlay":false,"sceneViewState":{"showFog":true,"showMaterialUpdate":false,"showSkybox":false,"showFlares":true,"showImageEffects":true,"showParticleSystems":true},"in2DMode":false,"pivot":{"x":10.893828392028809,"y":0.5316280126571655,"z":-0.41993284225463869},"rotation":{"x":-0.3379901945590973,"y":0.25140321254730227,"z":-0.09419979155063629,"w":-0.9020510315895081},"size":1.3719182014465333,"orthographic":true}