{"cameraMode":{"drawMode":0,"name":"Shaded","section":"Shading Mode"},"sceneLighting":true,"audioPlay":false,"sceneViewState":{"showFog":true,"showMaterialUpdate":false,"showSkybox":true,"showFlares":true,"showImageEffects":true,"showParticleSystems":true},"in2DMode":false,"pivot":{"x":9.114720344543457,"y":-8.627988815307618,"z":-4.6400957107543949},"rotation":{"x":-0.05349487066268921,"y":0.800335168838501,"z":-0.5927807092666626,"w":-0.07222498953342438},"size":10.771659851074219,"orthographic":false}